train_loss,val_sentiment_accuracy,val_sentiment_f1,val_aspect_f1_micro,val_aspect_f1_macro
1.009325624217185,0.8183161004431314,0.8001616313724543,0.8581081081081081,0.38953488070340575
0.7719528886554432,0.8242245199409158,0.7909380050605902,0.8913963328631875,0.5426907301066448
0.6454311648626052,0.8227474150664698,0.8124530542574624,0.9158186864014801,0.6698912614187295
0.559790426471152,0.8183161004431314,0.8145917211689663,0.920205319645357,0.6822914892659869
