metric,value
accuracy,0.7936390532544378
f1_weighted,0.7899289485058857
precision_weighted,0.7888296431037349
recall_weighted,0.7936390532544378
f1_micro,0.9583138173302108
f1_macro,0.7564365798425394
precision_micro,0.9583138173302108
recall_micro,0.9583138173302108
